{
	"info": {
		"_postman_id": "359893d1-6529-4807-b074-0cf34bb6759e",
		"name": "Agendamento",
		"schema": "https://schema.getpostman.com/json/collection/v2.1.0/collection.json"
	},
	"item": [
		{
			"name": "Agendar",
			"request": {
				"method": "POST",
				"header": [
					{
						"key": "Authorization",
						"value": "{{access_token}}",
						"type": "text"
					}
				],
				"body": {
					"mode": "raw",
					"raw": "{\n\t\"data_agendamento\": \"2020-05-29T12:00:00\",\n\t\"fornecedor_id\" : 8,\n\t\"servicos\": [1,2,3],\n\t\"nome\": \"Rodrigo\",\n\t\"nome_pet\": \"Marley nova estrutura\"\n}",
					"options": {
						"raw": {
							"language": "json"
						}
					}
				},
				"url": {
					"raw": "{{base_url}}/agendamento/agendar",
					"host": [
						"{{base_url}}"
					],
					"path": [
						"agendamento",
						"agendar"
					]
				}
			},
			"response": []
		},
		{
			"name": "Status",
			"request": {
				"method": "PUT",
				"header": [
					{
						"key": "Authorization",
						"type": "text",
						"value": "{{access_token}}"
					}
				],
				"body": {
					"mode": "raw",
					"raw": "",
					"options": {
						"raw": {
							"language": "json"
						}
					}
				},
				"url": {
					"raw": "{{base_url}}/agendamento/5/status/P",
					"host": [
						"{{base_url}}"
					],
					"path": [
						"agendamento",
						"5",
						"status",
						"P"
					]
				}
			},
			"response": []
		},
		{
			"name": "Buscar Meus Agendamentos",
			"protocolProfileBehavior": {
				"disableBodyPruning": true
			},
			"request": {
				"method": "GET",
				"header": [
					{
						"key": "Authorization",
						"type": "text",
						"value": "{{access_token}}"
					}
				],
				"body": {
					"mode": "raw",
					"raw": "{\n\t\"data_agendamento\": \"2020-05-19T10:00:00\",\n\t\"fornecedor_id\" : 1,\n\t\"servicos\": [1,2,3]\n}",
					"options": {
						"raw": {
							"language": "json"
						}
					}
				},
				"url": {
					"raw": "{{base_url}}/agendamentos",
					"host": [
						"{{base_url}}"
					],
					"path": [
						"agendamentos"
					]
				}
			},
			"response": []
		}
	],
	"protocolProfileBehavior": {}
}